{"cameraMode":{"drawMode":0,"name":"Shaded","section":"Shading Mode"},"sceneLighting":true,"audioPlay":false,"sceneViewState":{"showFog":true,"showMaterialUpdate":false,"showSkybox":true,"showFlares":true,"showImageEffects":true,"showParticleSystems":true},"in2DMode":false,"pivot":{"x":4.1581268310546879,"y":5.205419540405273,"z":-4.3067708015441898},"rotation":{"x":-0.0020119082182645799,"y":0.9974337816238403,"z":-0.06443493068218231,"w":-0.031145621091127397},"size":12.548516273498536,"orthographic":true}